{"cameraMode":{"drawMode":0,"name":"Shaded","section":"Shading Mode"},"sceneLighting":true,"audioPlay":false,"sceneViewState":{"m_AlwaysRefresh":false,"showFog":true,"showSkybox":true,"showFlares":true,"showImageEffects":true,"showParticleSystems":true,"showVisualEffectGraphs":true,"m_FxEnabled":true},"in2DMode":false,"pivot":{"x":-0.1419004201889038,"y":-0.013171827420592308,"z":0.4140326976776123},"rotation":{"x":0.4816988408565521,"y":-0.517694354057312,"z":0.48230233788490298,"w":0.5170877575874329},"size":5.450321674346924,"orthographic":true}